Empresas,Ativos,Tipo,error
Aeris,AERI3F,acoes,1
Intercement,ICBR3,acoes,1
Dotz,DOTZ3F,acoes,1
Gol,GOLL3,acoes,1
VIA S.A,VIIA3F,acoes,1
Armac,ARML3,acoes,0
Multilaser,MLAS3,acoes,0
CBA,CBAV3,acoes,0
3tentos,TTEN3,acoes,0
BR Partners,BRBI11,acoes,0
GetNinjas,NINJ3,acoes,0
Athena Saúde,ATEA3,acoes,1
Banco Modal,MODL4,acoes,0
Banco Modal,MODL3,acoes,0
Vittia Fertilizantes,VITT3,acoes,0
Kora Saúde,KRSA3,acoes,0
Caixa Seguridade,CXSE3,acoes,0
Rio Alto Energias Renováveis,RIOS3,acoes,1
Hospital Care Caledonia,HCAR3,acoes,1
Grupos GPS,GGPS3,acoes,0
Mater Dei,MATD3,acoes,0
Allied Tecnologia,ALLD3,acoes,0
Blau Farmacêutica,BLAU3,acoes,0
Atma Participações,ATMP3,acoes,0
Assaí,ASAI3,acoes,0
Grupo JSL,JSLG3,acoes,0
CSN Mineração,CMIN3,acoes,0
Eletromídia,ELMD3,acoes,0
Orizon,ORVR3,acoes,0
OceanPact,OPCT3,acoes,0
Westwing,WEST3,acoes,0
Cruzeiro Do Sul Educacional,CSED3,acoes,0
Bemobi,BMOB3,acoes,0
Jalles Machado,JALL3,acoes,0
Mobly,MBLY3,acoes,0
Espaçolaser,ESPA3,acoes,0
Vamos,VAMO3,acoes,0
Intelbras SA,INTB3,acoes,0
Hedge Investiments,CJCT11,acoes,1
BM Brascam Lajes Corporativas,BMLC11,acoes,1
Real Estate Capital,RECR11,acoes,1
FII URCA RENCI,URPR11,acoes,1
Devant Recebíveis Imobiliários,DEVA11,acoes,1
Mérito Investimentos,MFAI11,acoes,1
Neogrid,NGRD3,acoes,0
Alphaville S.A.,AVLL3,acoes,0
3R Petroleum,RRRP3,acoes,0
Enjoei,ENJU3,acoes,0
Méliuz,CASH3,acoes,0
Track & Field,TFCO4,acoes,0
Triple Play,CONX3,acoes,1
Grupo Mateus,GMAT3,acoes,0
Sequoia,SEQL3,acoes,0
Compass,PASS3,acoes,1
Boa Vista SCPC,BOAS3,acoes,0
Melnick,MELK3,acoes,0
Hidrovias do Brasil,HBSA3,acoes,0
Simpar,SIMH3F,acoes,1
Cury,CURY3,acoes,0
Plano & Plano,PLPL3,acoes,0
Petz,PETZ3,acoes,0
Pague Menos,PGMN3,acoes,0
Lavvi Incorporadora,LAVV3,acoes,0
Quero-Quero,LJQQ3,acoes,0
d1000,DMVF3,acoes,0
Grupo Soma,SOMA3,acoes,0
Riva 9,RIVA3,acoes,1
Ambipar,AMBP3,acoes,0
Allpark,ALPK3,acoes,0
Mitre Realty,MTRE3,acoes,0
Moura Dubeux,MDNE3,acoes,0
Bardella,BDLL4F ,acoes,1
UPS,UPSS34F ,acoes,1
Lockheed,LMTB34F,acoes,1
Johnson,JNJB34F,acoes,1
Fedex Corp,FDXB34F,acoes,1
Exxon Mobile,EXXO34F ,acoes,1
Caterpillar,CATP34F,acoes,1
Bristolmyers,BMYB34F,acoes,1
Arcelor,ARMT34F,acoes,1
American Express,AXPB34F,acoes,1
Abbott Laboratories,ABTT34F,acoes,1
Santos - Brasil,STBP3F,acoes,1
Randon Part,RAPT3F,acoes,1
Engie,EGIE3F,acoes,1
MMX Mineração,MMXM11F,acoes,1
Lupatech,LUPA3F,acoes,1
Inepar,INEP4F,acoes,1
Ger Paranapanema,GEPA4F,acoes,1
Fras-Le,FRAS3F,acoes,1
Afluente T,AFLT3F,acoes,1
Schulz,SHUL4F,acoes,1
VIA S.A,VIIA3,acoes,0
Cedro,CEDO4F ,acoes,1
Netflix,NFLX34F ,acoes,1
Nike,NIKE34F,acoes,1
McDonald's,MCDC34F,acoes,1
Home Depot,HOME34F ,acoes,1
Ford Motors,FDMO34F,acoes,1
Comcast,CMCS34F,acoes,1
Amazon,AMZO34F,acoes,1
Rodobens,RDNI3F,acoes,1
Saraiva Livr,SLED4F,acoes,1
Rossi Resid,RSID3F,acoes,1
Mundial,MNDL3F,acoes,1
Metal Leve,LEVE3F,acoes,1
Karsten,CTKA4F,acoes,1
Iochpe-Maxion,MYPK3F,acoes,1
Grendene,GRND3F,acoes,1
Locamerica,LCAM3F,acoes,1
C&A,CEAB3,acoes,0
Le Lis Blanc,LLIS3F,acoes,1
Grazziotin,CGRA3F,acoes,1
Estrela,ESTR4F,acoes,1
Direcional,DIRR3F,acoes,1
Coteminas,CTNM3F,acoes,1
Anima,ANIM3F,acoes,1
Even,EVEN3F,acoes,1
Marisa,AMAR3F,acoes,1
Movida,MOVI3F,acoes,1
JHSF,JHSF3F,acoes,1
Helbor,HBOR3F,acoes,1
PDG Realty,PDGR3F,acoes,1
Arezzo,ARZZ3F,acoes,1
Ez Tec,EZTC3F,acoes,1
Alpargatas,ALPA3F,acoes,1
Localiza,RENT3F,acoes,1
MRV Engenharia,MRVE3F,acoes,1
Magazine Luiza,MGLU3F,acoes,1
Lojas Renner,LREN3F,acoes,1
Cogna,COGN3F,acoes,1
Whirlpool,WHRL4,acoes,0
Whirpool,WHRL3,acoes,0
Tecnisa,TCSA3,acoes,0
Starbucks,SBUB34,acoes,1
Smiles,SMLS3,acoes,0
Ser Educacional,SEER3,acoes,0
Saraiva livr,SLED4,acoes,0
Hoteis Othon,HOOT4,acoes,0
Gafisa,GFSA3,acoes,0
YDUQS,YDUQ3,acoes,0
Cyrela Realty,CYRE3,acoes,0
CVC,CVCB3,acoes,0
Grupo SBF,SBFG3F,acoes,1
Cambuci,CAMB3F,acoes,1
Privalia,PRVA3,acoes,1
Walmart,WALM34F ,acoes,1
Starbucks,SBUB34F ,acoes,1
Procter Gamble,PGCO34F,acoes,1
Pepsico Inc,PEPB34F ,acoes,1
Colgate,COLG34F,acoes,1
Coca-Cola,COCA34F,acoes,1
Avon,AVON34F,acoes,1
São Martinho,SMTO3F,acoes,1
MDiasBranco,MDIA3F,acoes,1
CAMIL,CAML3F,acoes,1
Brasilagro,AGRO3F,acoes,1
Minerva,BEEF3F,acoes,1
Vivara,VIVA3,acoes,0
Carrefour,CRFB3F,acoes,1
Pão de Açúcar,PCAR3F,acoes,1
Natura,NTCO3F,acoes,1
Marfrig,MRFG3F,acoes,1
JBS,JBSS3F,acoes,1
Proctor Gamble,PGCO34,acoes,1
BRF,BRFS3,acoes,0
Banco Inter,INBR31,acoes,1
STONE CO,STOC31,acoes,1
Nu Holdings,NUBR33,acoes,1
Iguatemi S.A.,IGTI11,acoes,0
XP Inc,XPBR31,acoes,1
TradersClub,TRAD3,acoes,0
BRB Banco,BSLI4F,acoes,1
Battistella,BTTL3F,acoes,1
Banpara,BPAR3F ,acoes,1
Wells Fargo,WFCO34F ,acoes,1
Visa,VISA34F ,acoes,1
Morgan Stanley,MSBR34F ,acoes,1
Mastercard,MSCD34F,acoes,1
JPMorgan,JPMC34F ,acoes,1
Honeywell,HONB34F,acoes,1
GE,GEOO34F ,acoes,1
Goldman Sachs,GSGI34F ,acoes,1
Citigroup,CTGP34F,acoes,1
Bank America,BOAC34F,acoes,1
3M,MMMC34F ,acoes,1
Sao Carlos,SCAR3F,acoes,1
LPS Brasil,LPSB3F,acoes,1
BMG,BMGB11,acoes,1
Gradiente,IGBR3F,acoes,1
General Shopping,GSHP3F,acoes,1
Porto Seguro,PSSA3F,acoes,1
CSU CardSyst,CARD3F,acoes,1
Brasil Brokers,BBRK3F,acoes,1
BR Properties,BRPR3F,acoes,1
Banrisul,BRSR6F,acoes,1
Santander BR,SANB4F,acoes,1
Multiplan,MULT3F,acoes,1
Itaú Unibanco,ITUB3F,acoes,1
Aliansce Sonae,ALSO3,acoes,0
Banco Mercantil de Investimentos,BMIN3,acoes,0
Mercantil do Brasil Financeira,MERC4,acoes,0
Log,LOGG3,acoes,0
Itaúsa,ITSA4F,acoes,1
IRB Brasil RE,IRBR3,acoes,0
Padtec,PDTC3,acoes,0
SYN Prop Tech,SYNE3,acoes,0
Bradesco,BBDC4F,acoes,1
brMalls,BRML3,acoes,0
Alper,APER3F,acoes,1
BB Seguridade,BBSE3,acoes,0
Banco Pan,BPAN4,acoes,0
Banco do Brasil,BBAS3F,acoes,1
American Express,AXPB34,acoes,1
Terra Santa Agro SA,LAND3,acoes,0
Dexxos Part,DEXP4,acoes,0
Celulose Irani,RANI3F ,acoes,1
Freeport,FCXO34F,acoes,1
Paranapanema,PMAM3F,acoes,1
Ferbasa,FESA4F,acoes,1
Eucatex,EUCA3F,acoes,1
Suzano Papel,SUZB3F,acoes,1
Klabin S/A,KLBN4F,acoes,1
Vale,VALE5,acoes,1
Unipar,UNIP6F,acoes,1
Suzano Holding,NEMO6,acoes,0
MMX Mineração,MMXM3,acoes,0
Gerdau,GOAU4,acoes,0
Dexco,DXCO3,acoes,0
CSN,CSNA3F,acoes,1
Braskem,BRKM6,acoes,0
Bradespar,BRAP4F,acoes,1
Arcelor,ARMT34,acoes,1
COPEL UNT N2,CPLE11F,acoes,1
FII GTIS LG,GTLG11,acoes,1
PPLA,PPLA11,acoes,0
BKR 20YR TRS,BTLT39,acoes,1
BKR 1 3 YRTR,BSHY39,acoes,1
BKR SHORT TR,BSHV39,acoes,1
BKR 3 7 YRTR,BIEI39,acoes,1
BKR 7 10 YRT,BIYT39,acoes,1
BKR US TREAS,BGOV39,acoes,1
INVESTO ALUG,ALUG11,acoes,1
INVESTO WRLD,WRLD11,acoes,1
Caixa Agências,CXAG11,acoes,1
FII ROOFTOPICI,ROOF11,acoes,1
FIAGRO JGP CI,JGPX11,acoes,1
FII PLUR URBCI,PURB11,acoes,1
FII BRIO ME CI,BIME11,acoes,1
FII JS A FINCI,JSAF11,acoes,1
Tellus Desenvolvimento Logístico,TELD11,acoes,1
FII MORE CRICI ER,MORC11,acoes,1
FII HUSI CI ES,HUSI11,acoes,1
FII CYRELA CI ES,CYCR11,acoes,1
EQI RECECI,EQIR11,acoes,1
CARTESIA FIICI,CACR11,acoes,1
FIAGRO RIZA CI,RZAG11,acoes,1
Wilson Sons,PORT3,acoes,0
Getnet,GETT11,acoes,0
BKR US ENER,BIYE39,acoes,1
BKR MS EAFE,BSCZ39,acoes,1
BKR MS USA S,BUSA39,acoes,1
BKR MS RUSS,BERU39,acoes,1
BKR SEMICOND,BSOX39,acoes,1
FT NAT GAS,BFCG39,acoes,1
FT HCARE ALPH DRN,BFXH39,acoes,1
FT TECH ALPH,BFTA39,acoes,1
FT CLOUD CPT,BKYY39,acoes,1
FT NASD100 TC,BQTC39,acoes,1
FT DJ INTERN,BFDN39,acoes,1
FT RISI DIVID,BFDA39,acoes,1
FT INTL EQ OP,BFPI39,acoes,1
FT NASD100 EQ,BQQW39,acoes,1
FT EQ OPPORT,BFPX39,acoes,1
FT NASD CYBER,BCIR39,acoes,1
FT MOR DV LEA,BFDL39,acoes,1
FT NYSE BIOT DRN,BFBI39,acoes,1
BKR SP100 DRN ED,BOEF39,acoes,1
BKR MS WLD,BURT39,acoes,1
BKR GL Clean,BICL39,acoes,1
BKR GL Fin,BIXG39,acoes,1
Coinbase Glob,C2OI34,acoes,1
Store Capital,S2TO34,acoes,1
ISHARES MILA,MILA,acoes,1
ISHARES CSMO,CSMO,acoes,1
IT NOW HYDROCI,YDRO11,acoes,1
BTG S&P 500 CI,SPXB11,acoes,1
BTG SMLL CAPCI,SMAB11,acoes,1
West Pharma,W2ST34,acoes,1
Squarespace,S2QS34,acoes,1
Uipath Inc,P2AT34,acoes,1
Godaddy Inc,G2DD34,acoes,1
Doordash Inc,D2AS34,acoes,1
Camden Prop,C2PT34,acoes,1
Sp500growth,BIVW39,acoes,1
Sp500 Value,BIVE39,acoes,1
Msciglmivolf,BCWV39,acoes,1
Avalara Inc,A2VL34,acoes,1
Amc Entert H,A2MC34,acoes,1
AF Invest,AFHI11,acoes,1
BRL Trust DTVM,HSRE11,acoes,1
Votorantim Asset Management,VSEC11,acoes,1
Agribrasil,GRAO3,acoes,0
INVESTO USTK,USTK11,acoes,1
AgroGalaxy,AGXY3,acoes,0
Tronox,CRPG6,acoes,0
Smart Fit,SMFT3,acoes,0
Boa Safra,SOJA3,acoes,0
Zynga Inc,Z2NG34,acoes,1
Trade Desk,T2TD34,acoes,1
Teladochealt,T2DH34,acoes,1
Sun Commun,S2UI34,acoes,1
Square Inc,S2QU34,acoes,1
Snowflake,S2NW34,acoes,1
Shopify Inc,S2HO34,acoes,1
Caesars Entt,C2ZR34,acoes,1
Unity Softwr,U2ST34,acoes,1
Sea Ltd,S2EA34,acoes,1
Penn Nationl,P2EN34,acoes,1
Medical P Tr,M2PW34,acoes,1
Kingsoft Chl,K2CG34,acoes,1
Draftkings,D2KN34,acoes,1
Cyrusone Inc,C2ON34,acoes,1
Churchill Dw,C2HD34,acoes,1
Beyond Meat,B2YN34,acoes,1
Energisa MT,ENMT4,acoes,0
FII AUTONOMYCI,AIEC11,acoes,1
Vibra Energia S.A,VBBR3,acoes,0
Raízen,RAIZ4,acoes,0
PetroRecôncavo Geral SA,RECV3,acoes,0
Schlumberger,SLBG34F ,acoes,1
Halliburton,HALI34F,acoes,1
ConocoPhillips,COPH34,acoes,1
Chevron,CHVX34F,acoes,1
PETRORIO,PRIO3F,acoes,1
OSX Brasil,OSXB3F,acoes,1
Dommo,DMMO11,acoes,0
Pet Manguinhos,RPMG3F,acoes,1
Ultrapar,UGPA3,acoes,0
Petrobras,PETR4F,acoes,1
Exxon Mobil,EXXO34,acoes,1
Enauta Part,ENAT3,acoes,0
Oncoclínicas,ONCO3,acoes,0
Viveo,VVEO3,acoes,0
Instituto Hermes Pardini SA,PARD3,acoes,0
Biomm,BIOM3F ,acoes,1
Baumer,BALM3F ,acoes,1
Pfizer,PFIZ34F ,acoes,1
Merck,MRCK34F ,acoes,1
Biotoscana,GBIO33F,acoes,1
Dimed,PNVL3F,acoes,1
Alliar,AALR3F,acoes,1
OdontoPrev,ODPV3F,acoes,1
RD,RADL3F,acoes,1
Qualicorp,QUAL3F,acoes,1
Ourofino S/A,OFSA3,acoes,0
Johnson,JNJB34,acoes,1
Hypera Pharma,HYPE3,acoes,0
Fleury,FLRY3,acoes,0
Bristolmyers,BMYB34,acoes,1
Abbott Laboratories,ABTT34,acoes,1
ClearSale,CLSA3,acoes,0
Livetech,LVTC3,acoes,0
G2D Investments,G2DI33,acoes,0
Infracommerce,IFCM3,acoes,0
Alphabet,GOGL35,acoes,1
Locaweb,LWSA3,acoes,0
Totvs,TOTS3F ,acoes,1
Xerox,XRXB34F ,acoes,1
Qualcomm,QCOM34F,acoes,1
Oracle,ORCL34F ,acoes,1
Microsoft,MSFT34F ,acoes,1
IBM,IBMB34F ,acoes,1
Intel,ITLC34F ,acoes,1
HP Company,HPQB34F ,acoes,1
eBay,EBAY34F ,acoes,1
Cisco,CSCO34F,acoes,1
Att Inc,ATTB34F ,acoes,1
Apple,AAPL34F,acoes,1
Linx,LINX3F,acoes,1
Positivo Inf,POSI3F,acoes,1
Ebay,EBAY34,acoes,1
Brisanet,BRIT3,acoes,0
Unifique,FIQE3,acoes,0
Desktop,DESK3,acoes,0
Verizon,VERZ34F,acoes,1
OI,OIBR4F,acoes,1
Tim Participações,TIMS3F,acoes,1
Telefônica Brasil S.A,VIVT3F,acoes,1
Telebras,TELB4F,acoes,1
Att Inc,ATTB34,acoes,1
Auren Energia,AURE3,acoes,0
Omega Energia,MEGA3,acoes,0
Celpe,CEPE6F,acoes,1
CEEE-D,CEED3F ,acoes,1
Ceee-gt,EEEL4F ,acoes,1
Casan,CASN4F ,acoes,1
CEG,CEGR3F,acoes,1
CEB,CEBR3F ,acoes,1
Renova,RNEW11F,acoes,1
Coelce,COCE6F,acoes,1
Celesc,CLSC4F,acoes,1
Alupar Investimento,ALUP4F,acoes,1
Sanepar,SAPR11F,acoes,1
CPFL Renovav,CPRE3F,acoes,1
Copel,CPLE5F,acoes,1
CPFL Energia,CPFE3F,acoes,1
Comgás,CGAS3F,acoes,1
AES Brasil,AESB3F,acoes,1
Neoenergia,NEOE3,acoes,0
ISA CTEEP,TRPL4F,acoes,1
Engie Brasil,EGIE3,acoes,0
Taesa,TAEE4,acoes,0
Sabesp,SBSP3F,acoes,1
Renaova,RNEW11,acoes,0
Ger Paranapanema,GEPA4,acoes,0
CESP,CESP6,acoes,0
Cemig,CMIG4,acoes,0
Afluente T,AFLT3,acoes,0
Aeris,AERI3,acoes,0
Dotz,DOTZ3,acoes,0
Banco Modal,MODL11,acoes,0
Bardella,BDLL3F ,acoes,1
MMX Mineração,MMXM3F,acoes,1
Inepar,INEP3F,acoes,1
Ger Paranapanema,GEPA3F,acoes,1
Cedro,CEDO3F ,acoes,1
Netflix,NFLX34,acoes,1
Nike,NIKE34,acoes,1
McDonald's,MCDC34,acoes,1
Home Depot,HOME34,acoes,1
Ford Motors,FDMO34,acoes,1
Comcast,CMCS34,acoes,1
Rodobens,RDNI3,acoes,0
Saraiva Livr,SLED3F,acoes,1
Rossi Resid,RSID3,acoes,0
Mundial,MNDL3,acoes,0
Metal Leve,LEVE3,acoes,0
Karsten,CTKA3F,acoes,1
Iochpe-Maxion,MYPK3,acoes,0
Grendene,GRND3,acoes,0
Locamerica,LCAM3,acoes,0
Le Lis Blanc,LLIS3,acoes,0
Grazziotin,CGRA4F,acoes,1
Estrela,ESTR3F,acoes,1
Direcional,DIRR3,acoes,0
Coteminas,CTNM4F,acoes,1
Even,EVEN3,acoes,0
Marisa,AMAR3,acoes,0
Movida,MOVI3,acoes,0
JHSF,JHSF3,acoes,0
Helbor,HBOR3,acoes,0
PDG Realty,PDGR3,acoes,0
Ez Tec,EZTC3,acoes,0
Alpargatas,ALPA4F,acoes,1
Localiza,RENT3,acoes,0
MRV Engenharia,MRVE3,acoes,0
Magazine Luiza,MGLU3,acoes,0
Lojas Renner,LREN3,acoes,0
Cogna,COGN3,acoes,0
Gafisa,GFSA3F,acoes,1
Grupo SBF,SBFG3,acoes,0
Walmart,WALM34,acoes,1
Pepsico Inc,PEPB34,acoes,1
Colgate,COLG34,acoes,1
Coca-Cola,COCA34,acoes,1
Avon,AVON34,acoes,1
São Martinho,SMTO3,acoes,0
MDiasBranco,MDIA3,acoes,0
CAMIL,CAML3,acoes,0
Brasilagro,AGRO3,acoes,0
Minerva,BEEF3,acoes,0
Carrefour,CRFB3,acoes,0
Pão de Açúcar,PCAR4F,acoes,1
Natura,NTCO3,acoes,0
Marfrig,MRFG3,acoes,0
JBS,JBSS3,acoes,0
Banco Inter,BIDI3,acoes,0
Iguatemi S.A.,IGTI3,acoes,0
BRB Banco,BSLI3F ,acoes,1
Battistella,BTTL3,acoes,1
Banpara,BPAR3,acoes,0
Wells Fargo,WFCO34,acoes,1
Visa,VISA34,acoes,1
Morgan Stanley,MSBR34,acoes,1
Mastercard,MSCD34,acoes,1
JPMorgan,JPMC34,acoes,1
Honeywell,HONB34,acoes,1
GE,GEOO34,acoes,1
Goldman Sachs,GSGI34,acoes,1
Citigroup,CTGP34,acoes,1
Bank America,BOAC34,acoes,1
3M,MMMC34,acoes,1
Sao Carlos,SCAR3,acoes,0
LPS Brasil,LPSB3,acoes,0
BMG,BMGB4,acoes,0
Gradiente,IGBR3,acoes,0
General Shopping,GSHP3,acoes,0
Porto Seguro,PSSA3,acoes,0
CSU CardSyst,CARD3,acoes,0
Brasil Brokers,BBRK3,acoes,0
BR Properties,BRPR3,acoes,0
Banrisul,BRSR5F,acoes,1
Santander BR,SANB3F,acoes,1
Multiplan,MULT3,acoes,0
Itaú Unibanco,ITUB4,acoes,0
Itaúsa,ITSA4,acoes,0
Bradesco,BBDC4,acoes,0
Alper,APER3,acoes,0
Banco do Brasil,BBAS3,acoes,0
Dexxos Part,DEXP3,acoes,0
Freeport,FCXO34,acoes,1
Paranapanema,PMAM3,acoes,0
Ferbasa,FESA3F,acoes,1
Eucatex,EUCA4,acoes,0
Suzano Papel,SUZB3,acoes,0
Klabin S/A,KLBN3F,acoes,1
Unipar,UNIP6,acoes,0
Suzano Holding,NEMO5,acoes,0
MMX Mineração,MMXM11,acoes,1
CSN,CSNA3,acoes,0
Braskem,BRKM5F,acoes,1
Bradespar,BRAP4,acoes,0
COPEL UNT N2,CPLE11,acoes,0
Getnet,GETT4,acoes,0
Tronox,CRPG5,acoes,0
Energisa MT,ENMT3,acoes,0
Schlumberger,SLBG34,acoes,1
Halliburton,HALI34,acoes,1
ConocoPhillips,COPH34,acoes,1
Chevron,CHVX34,acoes,1
PETRORIO,PRIO3,acoes,0
OSX Brasil,OSXB3,acoes,0
Dommo,DMMO3F,acoes,1
Pet Manguinhos,RPMG3,acoes,0
Ultrapar,UGPA3F,acoes,1
Petrobras,PETR4,acoes,0
Biomm,BIOM3,acoes,0
Baumer,BALM4F,acoes,1
Pfizer,PFIZ34,acoes,1
Merck,MRCK34,acoes,1
Biotoscana,GBIO33,acoes,0
Dimed,PNVL3,acoes,0
Alliar,AALR3,acoes,0
OdontoPrev,ODPV3,acoes,0
RD,RADL3,acoes,0
Qualicorp,QUAL3,acoes,0
Totvs,TOTS3,acoes,0
Xerox,XRXB34,acoes,1
Qualcomm,QCOM34,acoes,1
Oracle,ORCL34,acoes,1
Microsoft,MSFT34,acoes,1
IBM,IBMB34,acoes,1
Intel,ITLC34,acoes,1
HP Company,HPQB34,acoes,1
Cisco,CSCO34,acoes,1
Apple,AAPL34,acoes,1
Linx,LINX3,acoes,0
Positivo Inf,POSI3,acoes,0
Verizon,VERZ34,acoes,1
OI,OIBR4,acoes,0
Tim Participações,TIMS3,acoes,0
Telefônica Brasil S.A,VIVT3,acoes,0
Telebras,TELB4,acoes,0
Celpe,CEPE5F ,acoes,1
CEEE-D,CEED4F,acoes,1
Ceee-gt,EEEL3F ,acoes,1
Casan,CASN3F ,acoes,1
CEG,CEGR3,acoes,0
CEB,CEBR6F ,acoes,1
Renova,RNEW11F,acoes,1
Coelce,COCE5F,acoes,1
Celesc,CLSC3F,acoes,1
Alupar Investimento,ALUP3F,acoes,1
Sanepar,SAPR4F,acoes,1
CPFL Renovav,CPRE3,acoes,0
Copel,CPLE6F,acoes,1
CPFL Energia,CPFE3,acoes,0
Comgás,CGAS5F,acoes,1
AES Brasil,AESB3,acoes,0
ISA CTEEP,TRPL4,acoes,0
Taesa,TAEE3,acoes,0
Sabesp,SBSP3,acoes,0
Ger Paranapanema,GEPA3,acoes,0
CESP,CESP5,acoes,0
Cemig,CMIG3F,acoes,1
Cedro,CEDO4,acoes,0
Saraiva Livr,SLED3,acoes,0
Karsten,CTKA4,acoes,0
Grazziotin,CGRA4,acoes,0
Estrela,ESTR4,acoes,0
Coteminas,CTNM4,acoes,0
Minerva,BEEF11,acoes,0
Pão de Açúcar,PCAR4,acoes,0
Banco Inter,BIDI11,acoes,0
BRB Banco,BSLI4,acoes,0
Banrisul,BRSR3F,acoes,1
Santander BR,SANB11F,acoes,1
Itaú Unibanco,ITUB3,acoes,0
Itaúsa,ITSA3F,acoes,1
Bradesco,BBDC3,acoes,0
Banco do Brasil,BBAS12,acoes,1
Ferbasa,FESA4,acoes,0
Eucatex,EUCA3,acoes,0
Klabin S/A,KLBN11F,acoes,1
Unipar,UNIP5F,acoes,1
Suzano Holding,NEMO3,acoes,0
Braskem,BRKM5,acoes,0
Bradespar,BRAP3F,acoes,1
Getnet,GETT3,acoes,0
Tronox,CRPG3,acoes,0
Dommo,DMMO3,acoes,0
Petrobras,PETR3F,acoes,1
Baumer,BALM4,acoes,0
OI,OIBR,acoes,1
Telebras,TELB3F,acoes,1
Celpe,CEPE3F ,acoes,1
CEEE-D,CEED4,acoes,0
Ceee-gt,EEEL4,acoes,0
Casan,CASN4,acoes,0
CEB,CEBR5F ,acoes,1
Renova,RNEW4F,acoes,1
Coelce,COCE3F,acoes,1
Celesc,CLSC4,acoes,0
Alupar Investimento,ALUP11F,acoes,1
Sanepar,SAPR3F,acoes,1
Copel,CPLE6,acoes,0
Comgás,CGAS5,acoes,0
ISA CTEEP,TRPL3F,acoes,1
Taesa,TAEE11,acoes,0
CESP,CESP3F,acoes,1
Cemig,CMIG3,acoes,0
Cedro,CEDO3,acoes,0
Karsten,CTKA3,acoes,0
Grazziotin,CGRA3,acoes,0
Estrela,ESTR3,acoes,0
Coteminas,CTNM3,acoes,0
Pão de Açúcar,PCAR3,acoes,0
Banco Inter,BIDI4,acoes,0
BRB Banco,BSLI3,acoes,0
Banrisul,BRSR6,acoes,0
Santander BR,SANB4,acoes,0
Itaú Unibanco,ITUB4F,acoes,1
Banco do Brasil,BBAS11,acoes,1
Ferbasa,FESA3,acoes,0
Klabin S/A,KLBN4,acoes,0
Unipar,UNIP5,acoes,0
Braskem,BRKM3,acoes,0
Bradespar,BRAP3,acoes,0
Petrobras,PETR3,acoes,0
Baumer,BALM3,acoes,0
Telebras,TELB3,acoes,0
Celpe,CEPE6,acoes,0
CEEE-D,CEED3,acoes,0
Ceee-gt,EEEL3,acoes,0
Casan,CASN3,acoes,0
CEB,CEBR6,acoes,0
Renova,RNEW4,acoes,0
Coelce,COCE6,acoes,0
Celesc,CLSC3,acoes,0
Alupar Investimento,ALUP4,acoes,0
Sanepar,SAPR4,acoes,0
Copel,CPLE5,acoes,0
Comgás,CGAS3,acoes,0
ISA CTEEP,TRPL3,acoes,0
CESP,CESP3,acoes,0
Banrisul,BRSR5,acoes,0
Santander BR,SANB3,acoes,0
Klabin S/A,KLBN3,acoes,0
Unipar,UNIP3,acoes,0
Celpe,CEPE5,acoes,0
CEB,CEBR5,acoes,0
Renova,RNEW3,acoes,0
Coelce,COCE5,acoes,0
Alupar Investimento,ALUP3,acoes,0
Sanepar,SAPR3,acoes,0
Copel,CPLE3F,acoes,1
Banrisul,BRSR3,acoes,0
Santander BR,SANB11,acoes,0
Klabin S/A,KLBN11,acoes,0
Celpe,CEPE3,acoes,0
CEB,CEBR3,acoes,0
Coelce,COCE3,acoes,0
Alupar Investimento,ALUP11,acoes,0
Sanepar,SAPR11,acoes,0
Copel,CPLE3,acoes,0
3M,MMMC34,bdrs,0
AB INBEV,ABUD34,bdrs,0
ABB LTD,A1BB34,bdrs,0
ABBOTT,ABTT34,bdrs,0
ABBVIE,ABBV34,bdrs,0
ABIOMED INC,A1BM34,bdrs,0
ACTIVISION ,ATVI34,bdrs,0
ADOBE INC,ADBE34,bdrs,0
ADVANCE AUTO PARTS INC,A1AP34,bdrs,0
ADVANCED MIC,A1MD34,bdrs,0
AEGON NV,A1EG34,bdrs,0
AES CORP,A1ES34,bdrs,0
AFLAC INC,A1FL34,bdrs,0
AIRBNB,AIRB34,bdrs,0
AGILENT TECHNOLOGIES INC,A1GI34,bdrs,0
AIR PRODUCTS & CHEMICALS INC,A1PD34,bdrs,0
AKAMAI TECHNOLOGIES INC,A1KA34,bdrs,0
ALASKA AIR GROUP INC,A1LK34,bdrs,0
ALBEMARLE CORP,A1LB34,bdrs,0
ALEXANDRIA REAL ESTATE EQUITIES INC,A1RE34,bdrs,0
ALEXION PHAR,A1LX34,bdrs,0
ALIBABAGR,BABA34,bdrs,0
ALIGN TECHNOLOGY INC,A1LG34,bdrs,1
ALLEGION PLC,A1GN34,bdrs,0
ALLIANCE DATA SYSTEMS CORP,A1LL34,bdrs,0
ALLIANT ENERGY CORP,A1EN34,bdrs,0
ALLSTATE CORP,A1TT34,bdrs,0
ALNYLAM PHARMACEUTICALS INC,A1LN34,bdrs,0
ALPHABET,GOGL34,bdrs,0
ALPHABET,GOGL35,bdrs,0
ALTERYX INC,A1YX34,bdrs,0
ALTRIA GROUP,MOOO34,bdrs,0
AMC,A2MC34,bdrs,0
AMCOR PLC,A1CR34,bdrs,0
AMEREN CORP,A1EE34,bdrs,0
AMÉRICA MÓVIL SAB DE CV,A1MX34,bdrs,0
AMERICAN AIR,AALL34,bdrs,0
AMERICAN ELE,A1EP34,bdrs,0
AMERICAN TOWER CORP,T1OW34,bdrs,0
AMERICAN WATER WORKS CO INC,A1WK34,bdrs,0
AMERIPRISE FINANCIAL INC,A1MP34,bdrs,1
AMERISOURCEBERGEN CORP,A1MB34,bdrs,0
AMETEK INC,A1ME34,bdrs,0
AMGEN,AMGN34,bdrs,0
AMPHENOL CORP,A1PH34,bdrs,0
ANALOG DEVIC,A1DI34,bdrs,0
ANGLOGOLD ASHANTI LTD,A1UA34,bdrs,0
ANSYS INC,A1NS34,bdrs,0
ANTHEM INC,A1NT34,bdrs,0
AO SMITH COR,A1OS34,bdrs,0
AON PLC,A1ON34,bdrs,0
APACHE CORP,A1PA34,bdrs,0
APARTMENT INVESTMENT & MANAGEMENT CO,A1IV34,bdrs,0
APPLE,AAPL34,bdrs,0
APPLIED MATE,A1MT34,bdrs,0
APTIV PLC,APTV34,bdrs,0
ARCELOR,ARMT34,bdrs,0
ARCHER DANIE,A1DM34,bdrs,0
ARGENX SE,A1RG34,bdrs,0
ARISTA NETWORKS INC,A1NE34,bdrs,0
ARMSTRONG,AWII34,bdrs,0
ARTHUR J GALLAGHER & CO,A1JG34,bdrs,0
ASCENDIS PHARMA A/S,A1SN34,bdrs,0
ASML HOLD,ASML34,bdrs,0
ASSURANT INC,A1SU34,bdrs,0
ASTRAZENECA PLC,A1ZN34,bdrs,0
ATLASSIAN CORPORATION PLC,T1AM34,bdrs,0
ATMOS ENERGY CORP,A1TM34,bdrs,0
AUTODESK INC,A1UT34,bdrs,0
AUTOHOME INC,A1TH34,bdrs,0
AUTOMATIC DT,ADPR34,bdrs,0
AUTOZONE INC,AZOI34,bdrs,0
AVALARA,A2VL34,bdrs,0
AVALONBAY COMMUNITIES INC,A1VB34,bdrs,0
AVERY DENNISON CORP,A1VY34,bdrs,0
BAIDU INC,BIDU34,bdrs,0
BAKER HUGHES,B1KR34,bdrs,0
BALL CORP,B1LL34,bdrs,0
BANCO SANTANDER CHILE,B1SA34,bdrs,0
BANK AMERICA,BOAC34,bdrs,0
BARCLAYS PLC,B1CS34,bdrs,0
BAXTER INTERNATIONAL INC,B1AX34,bdrs,0
BBT CORP,B1BT34,bdrs,0
BECTON DICKINSON AND CO,B1DX34,bdrs,0
BEIGENE LTD,B1GN34,bdrs,0
BEST BUY,BBYY34,bdrs,0
BHP GROUP,BHPG34,bdrs,0
BHP GROUP PLC,B1BL34,bdrs,0
BILBAOVIZ,BILB34,bdrs,0
BILIBILI INC,B1IL34,bdrs,0
BILL.COM,B2HI34,bdrs,0
BIOGEN,BIIB34,bdrs,0
BIOMARIN PHARMACEUTICAL INC,B1MR34,bdrs,0
BIONTECH SE,B1NT34,bdrs,0
BIO-TECHNE CORPORATION,T1CH34,bdrs,0
BLACKROCK,BLAK34,bdrs,0
BOOKING ,BKNG34,bdrs,0
BORGWARNER INC,B1WA34,bdrs,0
BOSTON PROP,BOXP34,bdrs,0
BOSTON SCIEN,B1SX34,bdrs,0
BP PLC,B1PP34,bdrs,0
BRITISH AMERICAN TOBACCO PLC,B1TI34,bdrs,0
BROADCOM INC,AVGO34,bdrs,0
BROADRIDGE FINANCIAL SOLUTIONS INC,B1RF34,bdrs,0
BROOKFIELD ASSET MANAGEMENT INC,B1AM34,bdrs,0
BROWN FORMAN CORP,B1FC34,bdrs,1
BUMBLE,B2MB34,bdrs,0
CABLE ONE INC,C1AB34,bdrs,0
CABOT OIL ,C1OG34,bdrs,0
CADENCE DESIGN SYSTEMS INC,C1DN34,bdrs,0
CAMPBELL SOUP CO,C1PB34,bdrs,0
CAMDEN PROPERTY,C2PT34,bdrs,0
CANAD NATION,CNIC34,bdrs,0
CANAD PACIFI,CPRL34,bdrs,0
CANON INC,CAJI34,bdrs,0
CAPITAL ONE,CAON34,bdrs,0
CAPRI HOLDI,CAPH34,bdrs,0
CARDINAL HEA,C1AH34,bdrs,0
CARMAX INC,K1MX34,bdrs,0
CARNIVAL COR,C1CL34,bdrs,0
CARRIER GLOBAL CORPORATION,C1RR34,bdrs,0
CARTER’S INC,CRIN34,bdrs,0
CBOE GLOBAL MARKETS INC,C1BO34,bdrs,0
CBRE GROUP INC,C1BR34,bdrs,0
CBS CORP – VIACOMCBS,C1BS34,bdrs,0
CDW CORPORATION,C1DW34,bdrs,0
CELANESE CORP,C1NS34,bdrs,0
CENTENE CORP,C1NC34,bdrs,0
CENTERPOINT ,C1NP34,bdrs,0
CERNER CORP,C1ER34,bdrs,0
CF INDUSTRIE,C1FI34,bdrs,0
CH ROBINSON WORLDWIDE INC,C1HR34,bdrs,0
CHARTER COMM,CHCM34,bdrs,0
CHECK POINT SOFTWARE TECHNOLOGIES LTD,C1HK34,bdrs,0
CHINA LIFE INSURANCE CO LTD,L1FC34,bdrs,0
CHINA MOBILE LTD,C1HL34,bdrs,0
CHINA PETROLEUM & CHEMICAL CORP,C1HI34,bdrs,0
CHIPOTLE MEXICAN GRILL INC,C1MG34,bdrs,0
CHUBB LTD,C1BL34,bdrs,0
CHUNGHWA TELECOM CO LTD,C1HT34,bdrs,0
CHURCH DWIGH,CHDC34,bdrs,0
CIGNA CORP,C1IC34,bdrs,0
CINCINNATI,CINF34,bdrs,0
CINTAS CORP,C1TA34,bdrs,0
CISCO,CSCO34,bdrs,0
CITIGROUP,CTGP34,bdrs,0
CITIZENS FIN,C1FG34,bdrs,0
CITRIX SYSTE,C1TX34,bdrs,0
CLOROX CO,CLXC34,bdrs,0
CME GROUP,CHME34,bdrs,0
CMS ENERGY CORP,C1MS34,bdrs,0
CNOOC LTD,C1EO34,bdrs,0
COGNIZANT,CTSH34,bdrs,0
COMCAST,CMCS34,bdrs,0
COMERICA INC,C1MA34,bdrs,0
CONAGRA BRAN,C1AG34,bdrs,0
CONCHO RESOU,C1XO34,bdrs,0
CONSOLIDATED EDISON INC,E1DI34,bdrs,0
CONSTELLATIO,STZB34,bdrs,0
COOPER COMPANIES INC,C1OO34,bdrs,0
COPART INC,C1PR34,bdrs,0
COPHILLIPS,COPH34,bdrs,0
CORNING INC,G1LW34,bdrs,0
CORTEVA INC,C1TV34,bdrs,0
COSTAR GROUP INC,C1GP34,bdrs,0
COSTCO,COWC34,bdrs,0
COTY INC,COTY34,bdrs,0
COUPA SOFTWARE INC,C1OU34,bdrs,0
CREDIT ACCEP,CRDA34,bdrs,0
CREDIT SUISSE GROUP AG,C1SU34,bdrs,0
CRH PLC,CRHP34,bdrs,0
CROWN CASTLE INTERNATIONAL CORP,C1CI34,bdrs,0
CSX CORP,CSXC34,bdrs,0
CTRIPCOM,CRIP34,bdrs,0
CUMMINS INC,C1MI34,bdrs,1
CVS HEALTH,CVSH34,bdrs,0
DANAHER CORP,DHER34,bdrs,0
DARDEN RESTAURANTS INC,D1RI34,bdrs,0
DATADOG INC,D1DG34,bdrs,0
DAVITA INC,DVAI34,bdrs,0
DEERE & CO,DEEC34,bdrs,0
DELL TECHNOL,D1EL34,bdrs,0
DELTA,DEAI34,bdrs,0
DENTSPLY SIR,XRAY34,bdrs,0
DEUTSCHE AK,DBAG34,bdrs,0
DEVON ENERGY,D1VN34,bdrs,0
DEXCOM INC,D1EX34,bdrs,0
DIAGEO PL,DEOP34,bdrs,0
DIAMONDBACK ENERGY INC,F1AN34,bdrs,0
DIGITAL REALTY TRUST INC,D1LR34,bdrs,0
DISCOVER FINANCIAL SERVICES,D1FS34,bdrs,0
DISCOVERY IN,DCVY34,bdrs,0
DISCOVERY INC,DCVY35,bdrs,0
DISH NETWORK,D1IS34,bdrs,0
DOCUSIGN INC,D1OC34,bdrs,0
DOLLAR GENER,DGCO34,bdrs,0
DOLLAR TREE,DLTR34,bdrs,0
DOMINION ENE,D1OM34,bdrs,0
DOMINO’S PIZZA,D2PZ34,bdrs,0
DOOR DASH,D2AS34,bdrs,0
DOVER CORP,D1OV34,bdrs,0
DOW INC,D1OW34,bdrs,0
DR HORTON IN,D1HI34,bdrs,0
DR REDDYS LABORATORIES LTD,R1DY34,bdrs,0
DTE ENERGY CO,D1TE34,bdrs,0
DUKE REALTY CORP,D1RE34,bdrs,0
DXC TECHNOLO,D1XC34,bdrs,0
EASTMAN CHEMICAL CO,E1MN34,bdrs,0
EATON CORP PLC,E1TN34,bdrs,0
EBAY,EBAY34,bdrs,0
ECOLAB INC,E1CL34,bdrs,0
ECOPETROL SA,E1CO34,bdrs,0
EDISON INTER,E1IX34,bdrs,0
EDWARDS LIFESCIENCES CORP,E1WL34,bdrs,0
ELASTIC NV,E2ST34,bdrs,0
ELECTR ARTS,EAIN34,bdrs,0
EMERSON ELECTRIC CO,E1MR34,bdrs,0
ENEL AMERICAS SA,E1NI34,bdrs,0
ENTERGY CORP,E1TR34,bdrs,0
ENTERPRISE PRODUCTS PARTNERS,E2PD34,bdrs,0
EOG RESOURCE,E1OG34,bdrs,0
EQUIFAX INC,E1FX34,bdrs,0
EQUINIX INC,EQIX34,bdrs,0
EQUINOR ASA,E1QN34,bdrs,0
EQUITY RESIDENTIAL,E1QR34,bdrs,0
ERICSSON LM TELEPHONE CO,E1RI34,bdrs,0
ESSEX PROPERTY TRUST INC,E1SS34,bdrs,0
ESTEE LAUDER,ELCI34,bdrs,0
ETSY,E2TS34,bdrs,0
EURONET WORLDWIDE,E2EF34,bdrs,0
EVEREST RE GROUP LTD,E1VE34,bdrs,0
EVERGY INC,E1VR34,bdrs,0
EVERSOURCE ENERGY,E1SE34,bdrs,0
EXELON CORP,E1XC34monde,bdrs,1
EXPEDIA GROU,EXGR34,bdrs,0
EXPEDITORS INTERNATIONAL OF WASHINGTON INC,E1XP34,bdrs,0
EXTRA SPACE STORAGE INC,E1XR34,bdrs,0
EXXON MOBIL,EXXO34,bdrs,0
F5 NETWORKS INC,F1FI34,bdrs,0
FACEBOOK,FBOK34,bdrs,0
FASTENAL,FASL34,bdrs,0
FASTLY INC,F1SL34,bdrs,0
FEDERAL REALTY INVESTMENT TRUST,F1RI34,bdrs,0
FIDELITY NAT,F1NI34,bdrs,0
FIFTH THIRD,FFTD34,bdrs,0
FIRST REPUBLIC BANK,F1RC34,bdrs,0
FIRST SOLAR,FSLR34,bdrs,0
FIRSTENERGY ,F1EC34,bdrs,0
FISERV INC,F1IS34,bdrs,0
FIVERR INTERNATIONAL,F2VR34,bdrs,0
FLEETCOR TEC,FLTC34,bdrs,0
FLIR SYSTEMS INC,F1LI34,bdrs,0
FLOWSERVE CORP,F1LS34,bdrs,0
FMC CORP,F1MC34,bdrs,0
FORD MOTORS,FDMO34,bdrs,0
FORTINET INC,F1TN34,bdrs,0
FORTIVE CORP,F1TV34,bdrs,0
FORTUNE BRANDS HOME & SECURITY INC,F1BH34,bdrs,0
FOX CORP,FOXC34,bdrs,0
FRANCO-NEVADA,F2NV34,bdrs,0
FRANKLIN RESOURCES INC,F1RA34,bdrs,0
FREEPORT,FCXO34,bdrs,0
FRESENIUS,FMSC34,bdrs,0
GALAPAGOS NV,G1LP34,bdrs,0
GAP,GPSI34,bdrs,0
GARMIN LTD,G1RM34,bdrs,0
GARTNER INC,G1AR34,bdrs,0
GDS HOLDINGS LTD,G1DS34,bdrs,0
GE,GEOO34,bdrs,0
GENERAL MILLS INC,G1MI34,bdrs,0
GENERAL MOTORS,GMCO34,bdrs,0
GENUINE PARTS CO,G1PC34,bdrs,0
GEOPARK LTD,GPRK34,bdrs,0
GILEAD,GILD34,bdrs,0
GLAXOSMITHKLINE PLC,G1SK34,bdrs,0
GLOBAL PAYMENTS INC,G1PI34,bdrs,0
GLOBE LIFE INC,G1LL34,bdrs,0
GODADDY,G2DD34,bdrs,0
GOLD FIELDS LTD,G1FI34,bdrs,0
GOLDMANSACHS,GSGI34,bdrs,0
GOPRO,GPRO34,bdrs,0
H&R BLOCK INC,H1RB34,bdrs,0
HALLIBURTON,HALI34,bdrs,0
HANESBRANDS INC,H1BI34,bdrs,0
HANOVER INSU,THGI34,bdrs,0
HARLEY-DAVIDSON INC,H1OG34,bdrs,0
HARTFORD FINANCIAL SERVICES GROUP INC,H1IG34,bdrs,0
HASBRO INC,H1AS34,bdrs,0
HCA HEALTHCA,H1CA34,bdrs,0
HDFC BANK LTD,H1DB34,bdrs,0
HEALTHPEAK PROPERTIES INC,P1EA34,bdrs,0
HEICO CORPORATION,H1EI34,bdrs,0
HENRY SCHEIN INC,H1SI34,bdrs,0
HERSHEY CO,HSHY34,bdrs,1
HESS CORP,H1ES34,bdrs,0
HEWLETT PACK,H1PE34,bdrs,0
HILTON WORLD,H1LT34,bdrs,0
HOLLYFRONTIER CORP,H1FC34,bdrs,0
HOLOGIC INC,H1OL34,bdrs,0
HOME DEPOT,HOME34,bdrs,0
HONDA MO,HOND34,bdrs,0
HORIZON THERAPEUTICS PLC,H1ZN34,bdrs,0
HORMEL FOODS,H1RL34,bdrs,0
HOST HOTELS ,H1ST34,bdrs,0
HOWMET AEROSPACE INC,ARNC34,bdrs,0
HSBC HOLDINGS PLC,H1SB34,bdrs,0
HUAZHU GROUP LTD,H1TH34,bdrs,0
HUBSPOT,H2UB34,bdrs,0
HUMANA INC,H1UM34,bdrs,0
HUNTINGTON B,H1BA34,bdrs,0
HUNTINGTON INGALLS INDUSTRIES INC,H1II34,bdrs,0
IAC INTERACTIVECORPORATION,I1AC34,bdrs,0
ICICI BANK LTD,I1BN34,bdrs,0
IDEX CORPORATION,I1EX34,bdrs,0
IDEXX LABORATORIES INC,I1DX34,bdrs,0
IHS MARKIT LTD,I1NF34,bdrs,0
ILLINOIS TOOL WORKS INC,I1TW34,bdrs,0
ILLUMINA INC,I1LM34,bdrs,0
INCYTE CORP,I1NC34,bdrs,0
INFOSYS LTD,I1FO34,bdrs,0
ING GROEP,INGG3,bdrs,1
INGERSOLL-RAND PLC,I1RP34,bdrs,0
INTEL,ITLC34,bdrs,0
INTERCONTINENTAL EXCHANGE INC,I1CE34,bdrs,0
INTERCONTINENTAL HOTELS GROUP PLC,I1HG34,bdrs,0
INTERNATIONA,I1PC34,bdrs,0
INTERNATIONAL FLAVORS & FRAGRANCES INC,I1FF34,bdrs,0
INTERPUBLIC GROUP OF COS INC,I1PH34,bdrs,0
INTUIT INC,INTU34,bdrs,0
INTUITIVE SURGICAL INC,I1SR34,bdrs,0
INVESCO LTD,I1VZ34,bdrs,0
INVEST BCORP,ISBC34,bdrs,0
IPG PHOTONICS CORP,I1PG34,bdrs,0
IQIYI INC,I1QY34,bdrs,0
IQVIA HOLDINGS INC,I1QV34,bdrs,0
IRON MOUNTAIN INC,I1RM34,bdrs,0
JACK HENRY & ASSOCIATES INC,J1KH34,bdrs,0
JACOBS ENGINEERING GROUP INC,J1EG34,bdrs,1
JB HUNT TRANSPORT SERVICES INC,J1BH34,bdrs,0
JD COM,JDCO34,bdrs,0
JEFFERIES FINANCIAL GROUP INC,J1EF34,bdrs,0
JOHNSON CONT,J1CI34,bdrs,0
JPMORGAN,JPMC34,bdrs,0
JUNIPER NETWORKS INC,J1NP34,bdrs,0
KANSAS CITY SOUTHERN,K1CS34,bdrs,0
KB FINANCIAL GROUP INC,K1BF34,bdrs,0
KELLOGG CO,K1EL34,bdrs,0
KEMPER CORP,KMPR34,bdrs,0
KEYCORP,K1EY34,bdrs,0
KEYSIGHT TECHNOLOGIES INC,K1SG34,bdrs,0
KIMCO REALTY CORP,K1IM34,bdrs,0
KINDER MORGA,KMIC34,bdrs,0
KLA CORP,K1LA34,bdrs,0
KOHLS CORP,K1SS34,bdrs,0
KOPHILIPS,PHGN34,bdrs,0
KROGER CO,K1RC34,bdrs,0
KT CORP,K1TC34,bdrs,0
L BRANDS,LBRN34,bdrs,0
L3HARRIS TECHNOLOGIES INC,L1HX34,bdrs,0
LABORATORY CORP OF AMERICA HOLDINGS,L1CA34,bdrs,0
LAM RESEARCH CORP,L1RC34,bdrs,0
LAMB WESTON HOLDINGS INC,L1WH34,bdrs,0
LAS VEGAS SANDS CORPORATION,L1VS34,bdrs,0
LEGGETT & PLATT INC,L1EG34,bdrs,0
LEIDOS HOLDINGS INC,L1DO34,bdrs,0
LENNAR CORP,L1EN34,bdrs,0
LIBERTY BROA,LBRD34,bdrs,0
LIBERTY GLOB,L1BT34,bdrs,0
LIBERTY GLOBAL PLC,L1BT35,bdrs,1
LIBERTY MEDI,LSXM34,bdrs,0
LIBERTY MEDIA CORPORATION,LSXM35,bdrs,1
LILLY,LILY34,bdrs,0
LINCOLN NATIONAL CORP,L1NC34,bdrs,0
LINDE PLC,L1IN34,bdrs,0
LIVE NATION ENTERTAINMENT INC,L1YV34,bdrs,0
LKQ CORP,L1KQ34,bdrs,0
LLOYDS BANKING GROUP PLC,L1YG34,bdrs,0
LOEWS CORP,L1OE34,bdrs,0
LOWE’S COMPA,LOWC34,bdrs,0
LULULEMON ATHLETICA INC,L1UL34,bdrs,0
LUMEN TECHNOLOGIES INC,L1MN34,bdrs,0
LYONDELLBASELL INDUSTRIES NV,L1YB34,bdrs,0
M&T BANK CORP,M1TB34,bdrs,0
MACY S,MACY34,bdrs,0
MARATHON OIL,M1RO34,bdrs,0
MARATHON PET,M1PC34,bdrs,0
MARKEL CORP,MKLC34,bdrs,0
MARKETAXESS HOLDINGS INC,M1KT34,bdrs,0
MARRIOTT INTERNATIONAL INC,M1TT34,bdrs,0
MARSH & MCLENNAN COS INC,M1MC34,bdrs,0
MARTIN MARIETTA MATERIALS INC,M1LM34,bdrs,0
MASCO CORP,M1AS34,bdrs,0
MATCH GROUP INC,M1TC34,bdrs,0
MAXIM INTEGRATED PRODUCTS INC,M1XI34,bdrs,0
MCCORMICK & CO INC,M1KC34,bdrs,0
MCDONALDS,MCDC34,bdrs,0
MCKESSON CORP,M1CK34,bdrs,0
MEDTRONIC,MDTC34,bdrs,0
MELCO RESORTS & ENTERTAINMENT LTD,M1LC34,bdrs,0
MERCADO LIVRE,MELI34,bdrs,0
MERCK,MRCK34,bdrs,0
METTLER-TOLEDO INTERNATIONAL INC,M1TD34,bdrs,0
MGM RESORTS ,M1GM34,bdrs,0
MICROCHIP TE,M1CH34,bdrs,0
MICRON TECHN,MUTC34,bdrs,0
MICROSOFT,MSFT34,bdrs,0
MID-AMERICA APARTMENT COMMUNITIES INC,M1AA34,bdrs,0
MITSUBISHI UFJ FINANCIAL GROUP INC,M1UF34,bdrs,0
MOBILE TELESYSTEMS PJSC,M1BT34,bdrs,0
MODERNA INC,M1RN34,bdrs,0
MOHAWK INDUSTRIES INC,M1HK34,bdrs,0
MOLSON COORS BREWING CO,M1CB34,bdrs,0
MONDELEZ INT ,MDLZ34,bdrs,0
MONGODB INC,M1DB34,bdrs,0
MONSTER BEVERAGE CORP,M1NS34,bdrs,0
MOODY’S CORP,MCOR34,bdrs,0
MOSAIC CO,MOSC34,bdrs,0
MOTOROLA SOLUTIONS INC,M1SI34,bdrs,0
MSCI INC,M1SC34,bdrs,0
NASDAQ INC,N1DA34,bdrs,0
NATIONAL GRID PLC,N1GG34,bdrs,0
NATIONAL OILWELL VARCO INC,N1OV34,bdrs,0
NATWEST GROUP PLC,N1WG34,bdrs,0
NETAPP INC,N1TA34,bdrs,0
NETEASE,NETE34,bdrs,0
NETFLIX,NFLX34,bdrs,0
NEUROCRINE BIOSCIENCES INC,N1BI34,bdrs,0
NEW ORIENTAL EDU & TECH GROUP INC,E1DU34,bdrs,0
NEWELL BRAND,N1WL34,bdrs,0
NEWMONT GOLD,N1EM34,bdrs,0
NEWS CORP,N1WS34,bdrs,0
NEWS CORPORATION,N1WS35,bdrs,0
NEXTERA ENER,NEXT34,bdrs,0
NICE LTD,N1IC34,bdrs,0
NIELSEN HOLDINGS PLC,N1LS34,bdrs,0
NISOURCE INC,N1IS34,bdrs,0
NOKIA CORP,NOKI34,bdrs,0
NOMURA HO,NMRH34,bdrs,0
NORDSTROM IN,J1WN34,bdrs,0
NORFOLK SOUTHERN CORP,N1SC34,bdrs,0
NORTHERN TRUST CORP,N1TR34,bdrs,0
NORTHROP GRU,NOCG34,bdrs,0
NORWEGIAN CR,N1CL34,bdrs,0
NOVARTIS AG,N1VS34,bdrs,0
NOVO NORDISK A/S,N1VO34,bdrs,0
NRG ENERGY I,N1RG34,bdrs,0
NUBANK,NUBR33,bdrs,0
NUCOR CORP,N1UE34,bdrs,0
NVIDIA CORP,NVDC34,bdrs,0
NVR INC,N1VR34,bdrs,0
NXP SEMICOND,N1XP34,bdrs,0
OCCIDENT PTR,OXYP34,bdrs,0
OKTA INC,O1KT34,bdrs,0
OLD DOMINION FREIGHT LINE INC,O1DF34,bdrs,0
OMNICOM GROUP INC,O1MC34,bdrs,0
ONEOK INC,O1KE34,bdrs,0
O’REILLY AUT,ORLY34,bdrs,0
ORIX CORP,I1XC34,bdrs,0
OTIS WORLDWIDE CORPORATION,O1TI34,bdrs,0
PACCAR INC,P1AC34,bdrs,0
PACKAGING CORP OF AMERICA,P1KG34,bdrs,0
PAGSEGURO,PAGS34,bdrs,0
PALANTIR TECHNOLOGIES,P2LT34,bdrs,0
PARKER-HANNIFIN CORP,P1HC34,bdrs,0
PAYCHEX INC,P1AY34,bdrs,0
PAYCOM SOFTWARE INC,P1YC34,bdrs,0
PAYPAL HOLD,PYPL34,bdrs,0
PENTAIR PLC,P1NR34,bdrs,0
PEOPLES UNITED FINANCIAL INC,P1BC34,bdrs,0
PERKINELMER INC,P1KI34,bdrs,0
PERRIGO CO PLC,P1RG34,bdrs,0
PETROCHIN,PTCH34,bdrs,0
PINTEREST,P2IN34,bdrs,0
PFIZER,PFIZ34,bdrs,0
PG,PGCO34,bdrs,0
PHILIP MORRIS,PHMO34,bdrs,0
PHILLIPS 66,P1SX34,bdrs,0
PINDUODUO INC,P1DD34,bdrs,0
PINNACLE WEST CAPITAL CORP,P1NW34,bdrs,0
PIONEER NATURAL RESOURCES CO,P1IO34,bdrs,0
PLANET FITNESS,P2LN34,bdrs,0
PNCFNANCIAL ,PNCS34,bdrs,0
POSCO,P1KX34,bdrs,0
PPG INDUSTRIES INC,P1PG34,bdrs,0
PPL CORP,P1PL34,bdrs,0
PRINCIPAL FINANCIAL GROUP INC,P1FG34,bdrs,0
PROCORE TECHNOLOGIES,P2CO34,bdrs,0
PROLOGIS INC,P1LD34,bdrs,0
PRUDENTIAL FINANCIAL INC,P1DT34,bdrs,0
PRUDENTIAL PLC,P1UK34,bdrs,0
PT TELEKOMUNIKASI INDONESIA PERSERO TBK,T1LK34,bdrs,0
PUBLIC SERVICE ENTERPRISE GROUP INC,P1EG34,bdrs,0
PUBLIC STORAGE,P1SA34,bdrs,0
PULTEGROUP I,P1HM34,bdrs,0
PVH CORP,P1VH34,bdrs,0
QORVO INC,Q1RV34,bdrs,0
QUALCOMM,QCOM34,bdrs,0
QUANTA SERVICES INC,Q1UA34,bdrs,0
QUEST DIAGNOSTICS INC,Q1UE34,bdrs,0
RALPH LAUREN CORP,R1LC34,bdrs,0
RAYMOND JAMES FINANCIAL INC,R1JF34,bdrs,0
RD SHELL,RDSA34,bdrs,1
REALTY INCOME CORP,R1IN34,bdrs,0
REGENCY CENTERS CORP,R1EG34,bdrs,0
REDFIN CORPORATION,R2DF34,bdrs,0
REGENERON PH,REGN34,bdrs,0
REGIONS FINA,R1FC34,bdrs,0
RELX PLC,R1EL34,bdrs,0
REPUBLIC SERVICES INC,R1SG34,bdrs,0
RESMED INC,R1MD34,bdrs,0
RIO TINTO,RIOT34,bdrs,0
RH,R2HH34,bdrs,0
ROBERT HALF INTERNATIONAL INC,R1HI34,bdrs,0
ROBLOX CORPORATION,R2BL34,bdrs,0
ROCKWELL AUTOMATION INC,R1OK34,bdrs,0
ROKU INC,R1KU34,bdrs,0
ROLLINS INC,R1OL34,bdrs,0
ROPER TECHNOLOGIES INC,R1OP34,bdrs,0
ROSS STORES,ROST34,bdrs,0
ROYAL CARIBBEAN CRUISES LTD,R1CL34,bdrs,0
ROYAL DUTCH SHELL PLC,RDSA35,bdrs,1
RYANAIR HOLDINGS PLC,R1YA34,bdrs,0
S&P GLOBAL ,SPGI34,bdrs,0
SALESFORCE,SSFO34,bdrs,0
SANTANDER,BCSA34,bdrs,0
SAP SE,SAPP34,bdrs,0
SAREPTA THERAPEUTICS INC,S1RP34,bdrs,0
SBA COMMUNICATIONS CORP,S1BA34,bdrs,0
SCHWAB,SCHW34,bdrs,0
SEAGATE TECH,S1TX34,bdrs,0
SEALED AIR CORP,S1EA34,bdrs,0
SEATTLE GENETICS INC,S1GE34,bdrs,0
SEMPRA ENERGY,S1RE34,bdrs,0
SERVICENOW INC,N1OW34,bdrs,0
SIBANYE STILLWATER LTD,S1BS34,bdrs,0
SIGNATURE BK,SBNY34,bdrs,0
SIMON PROP,SIMN34,bdrs,0
SIRIUS XM HD,SRXM34,bdrs,0
SK TELECOM CO LTD,S1KM34,bdrs,0
SKYWORKS SOLUTIONS INC,S1SL34,bdrs,0
SL GREEN REALTY CORP,S1LG34,bdrs,0
SMITH & NEPHEW PLC,S1NN34,bdrs,0
SNAP-ON INC,S1NA34,bdrs,0
SQUARESPACE,S2QS34,bdrs,0
SONY CORP,SNEC34,bdrs,1
SOUTHWEST AIRLINES CO,S1OU34,bdrs,0
SPLUNK INC,S1PL34,bdrs,0
SPOTIFY TECHNOLOGY SA,S1PO34,bdrs,0
SS&C TECHNOLOGIES HOLDINGS INC,S1SN34,bdrs,0
STANLEY BLACK & DECKER INC,S1WK34,bdrs,0
STATE STREET,S1TT34,bdrs,0
STERIS PLC,S1TE34,bdrs,0
STERLING BNC,SLBC34,bdrs,0
STMICROEL,STMN34,bdrs,0
STORE CAPITAL,S2TO34,bdrs,0
STRYKER CORP,S1YK34,bdrs,0
SUMITOMO MITSUI FINANCIAL GROUP INC,S1MF34,bdrs,0
SVB FINANCIAL GROUP,S1IV34,bdrs,0
SYMANTEC COR,S1YM34,bdrs,0
SYNCHRONY FI,S1YF34,bdrs,0
SYNOPSYS INC,S1NP34,bdrs,0
SYSCO CORP,S1YY34,bdrs,0
T ROWE PRICE GROUP INC,T1RO34,bdrs,0
TAIWANSMFAC,TSMC34,bdrs,0
TAKEDAPH,TAKP34,bdrs,0
TAKE-TWO INTERACTIVE SOFTWARE INC,T1TW34,bdrs,0
TAL EDUCATION GROUP,T1AL34,bdrs,0
TAPESTRY INC,TPRY34,bdrs,0
TE CONNECTIVITY LTD,T1EL34,bdrs,0
TECHNIPFMC PLC,T1EC34,bdrs,0
TELEFLEX INC,T1FX34,bdrs,0
TELEFONIC,TLNC34,bdrs,0
TEMPUR SEALY,T2PX34,bdrs,0
TENARIS SA,T1SS34,bdrs,0
TERNIUMSA,TXSA34,bdrs,0
TESLA MOTORS,TSLA34,bdrs,0
TEVA PHARMACEUTICAL INDUSTRIES LTD,T1EV34,bdrs,0
TEXTRON INC,T1XT34,bdrs,0
THE JM SMUCKER CO,S1JM34,bdrs,0
THE PROGRESSIVE CORP,P1GR34,bdrs,0
THE SHERWIN-WILLIAMS CO,S1HW34,bdrs,0
THE SOUTHERN,T1SO34,bdrs,0
THERMFISCHER,TMOS34,bdrs,0
TJX COMPANIE,TJXC34,bdrs,0
T-MOBILE US ,T1MU34,bdrs,0
TOYOTAMO,TMCO34,bdrs,0
TRACTOR SUPPLY CO,T1SC34,bdrs,0
TRANSDIGM GROUP INC,T1DG34,bdrs,0
TRANSOCEAN,RIGG34,bdrs,0
TRAVELERS,TRVC34,bdrs,0
TRIPADVISOR INC,T1RI34,bdrs,0
TWILIO INC,T1WL34,bdrs,0
TWITTER,TWTR34,bdrs,0
TYSON FOODS,TSNF34,bdrs,0
UBER TECH IN,U1BE34,bdrs,0
UBS GROUP,UBSG34,bdrs,0
UDR INC,U1DR34,bdrs,0
UIPATH,P2AT34,bdrs,0
ULTA BEAUTY INC,U1LT34,bdrs,0
UNDER ARMOUR INC,U1AI34,bdrs,0
UNILEVER,ULEV34,bdrs,0
UNILEVER NV,U1NL34,bdrs,1
UNIONPACIFIC,UPAC34,bdrs,0
UNITED AIRLI,U1AL34,bdrs,0
UNITED RENTALS INC,U1RI34,bdrs,0
UNITEDHEALTH,UNHH34,bdrs,0
UNIVERSAL HEALTH SERVICES INC,U1HS34,bdrs,0
UNUM GROUP,U1NM34,bdrs,0
UPS,UPSS34,bdrs,0
UPWORK,U2PW34,bdrs,0
US STEEL,USSX34,bdrs,0
VALERO ENER,VLOE34,bdrs,0
VALLEY NTION,VLYB34,bdrs,0
VARIAN MEDICAL SYSTEMS INC,V1AR34,bdrs,0
VEEVA SYSTEMS,V2EE34,bdrs,0
VENTAS INC,V1TA34,bdrs,0
VERISIGN INC,VRSN34,bdrs,0
VERISK ANALYTICS INC,V1RS34,bdrs,0
VERIZON,VERZ34,bdrs,0
VERTEX PHARM,VRTX34,bdrs,0
VF CORP,VFCO34,bdrs,0
VIMEO,V2ME34,bdrs,0
VIPSHOP HOLDINGS LTD,V1IP34,bdrs,0
VODAFONE GROUP PUBLIC LTD COMPANY,V1OD34,bdrs,0
VORNADO REALTY TRUST,V1NO34,bdrs,0
VULCAN MATERIALS CO,V1MC34,bdrs,0
WABTEC CORP,W1AB34,bdrs,0
WAL MART,WALM34,bdrs,0
WALGREENS,WGBA34,bdrs,0
WARNER MUSIC GROUP CORPORATION,W1MG34,bdrs,0
WASTE MANAG,W1MC34,bdrs,0
WATERS CORP,WATC34,bdrs,0
WATSCO INC,W1SO34,bdrs,0
WAYFAIR,W2YF34,bdrs,0
WEC ENERGY GROUP INC,W1EC34,bdrs,0
WEIBO CORP,W1BO34,bdrs,0
WELLS FARGO,WFCO34,bdrs,0
WELLTOWER INC,W1EL34,bdrs,0
WEST PHARMACEUTICAL SERVICES,W2ST34,bdrs,0
WESTERN BCOR,WABC34,bdrs,0
WESTERN DIG,W1DC34,bdrs,0
WESTERNUNION,WUNI34,bdrs,0
WESTPAC BANKING CORP,W1BK34,bdrs,0
WESTROCK CO,W1RK34,bdrs,0
WEYERHAEUSER CO,W1YC34,bdrs,0
WHIRLPOOL CORP,W1HR34,bdrs,0
WILLIAMS COS,W1MB34,bdrs,0
WILLIS TOWERS WATSON PLC,W1LT34,bdrs,0
WIX.COM LTD,W1IX34,bdrs,0
WORKDAY INC,W1DA34,bdrs,0
WPP PLC,W1PP34,bdrs,0
WR BERKLEY CORPORATION,W1RB34,bdrs,0
WW GRAINGER INC,G1WW34,bdrs,0
WYNN RESORTS,W1YN34,bdrs,0
XCEL ENERGY,X1EL34,bdrs,0
XILINX INC,X1LN34,bdrs,0
XYLEM INC,X1YL34,bdrs,0
YUM BRANDS,YUMR34,bdrs,0
ZEBRA TECHNOLOGIES CORPORATION,Z1BR34,bdrs,0
ZENDESK,Z2EN34,bdrs,0
ZILLOW GROUP,Z2LL34,bdrs,0
ZIMMER BIOMET HOLDINGS INC,Z1BH34,bdrs,0
ZIONSBANCORP,Z1IO34,bdrs,0
ZOETIS INC,Z1TS34,bdrs,0
ZOOM VIDEO COMMUNICATIONS INC,Z1OM34,bdrs,0
ZTO EXPRESS CAYMAN INC,Z1TO34,bdrs,0
ACCENTURE,ACNB34,bdrs,0
AIG GROUP,AIGB34,bdrs,0
AMERICAN EXP,AXPB34,bdrs,0
ATT INC,ATTB34,bdrs,0
BERKSHIRE,BERK34,bdrs,1
BNY MELLON,BONY34,bdrs,0
BOEING,BOEI34,bdrs,0
BRISTOLMYERS,BMYB34,bdrs,0
DUKE ENERGY,DUKB34,bdrs,0
DUPONT N INC,DDNB34,bdrs,0
FEDEX CORP,FDXB34,bdrs,0
FEMSA,FMXB34,bdrs,0
GEN DYNAMICS,GDBR34,bdrs,0
HONEYWELL,HONB34,bdrs,0
HP COMPANY,HPQB34,bdrs,0
IBM,IBMB34,bdrs,0
JOHNSON & JOHNSON,JNJB34,bdrs,0
KIMBERLY CL,KMBB34,bdrs,0
KRAFT HEINZ,KHCB34,bdrs,0
LOCKHEED,LMTB34,bdrs,0
METLIFE INC,METB34,bdrs,0
MORGAN STAN,MSBR34,bdrs,0
PEPSICO INC,PEPB34,bdrs,0
STARBUCKS,SBUB34,bdrs,0
TARGET CORP,TGTB34,bdrs,0
TEXAS INC,TEXA34,bdrs,0
VISA INC,VISA34,bdrs,0
WALT DISNEY,DISB34,bdrs,0
XEROX CORP,XRXB34,bdrs,0
AMAZON,AMZO34,bdrs,0
CATERPILLAR,CATP34,bdrs,0
CHEVRON,CHVX34,bdrs,0
COCA COLA,COCA34,bdrs,0
COLGATE,COLG34,bdrs,0
MASTERCARD,MSCD34,bdrs,0
NIKE,NIKE34,bdrs,0
ORACLE,ORCL34,bdrs,0
RAYTHEON TECH,RYTT34,bdrs,0
SCHLUMBERGER,SLBG34,bdrs,0
TIFFANY,TIFF34,bdrs,0
US BANCORP ,USBC34,bdrs,0
XP INC,XPBR31,bdrs,0
